{"cameraMode":{"drawMode":0,"name":"Shaded","section":"Shading Mode"},"sceneLighting":false,"audioPlay":false,"sceneViewState":{"m_AlwaysRefresh":false,"showFog":true,"showSkybox":false,"showFlares":true,"showImageEffects":true,"showParticleSystems":true,"showVisualEffectGraphs":true,"m_FxEnabled":true},"in2DMode":false,"pivot":{"x":-0.06986436247825623,"y":0.47293519973754885,"z":-0.6016926765441895},"rotation":{"x":-0.014830410480499268,"y":-0.9850949048995972,"z":0.1280955672264099,"w":-0.11399270594120026},"size":0.8660253882408142,"orthographic":false}