{"cameraMode":{"drawMode":0,"name":"Shaded","section":"Shading Mode"},"sceneLighting":true,"audioPlay":false,"sceneViewState":{"m_AlwaysRefresh":false,"showFog":true,"showSkybox":true,"showFlares":true,"showImageEffects":true,"showParticleSystems":true,"showVisualEffectGraphs":true,"m_FxEnabled":true},"in2DMode":false,"pivot":{"x":1.0879396200180054,"y":2.020258665084839,"z":9.814251899719239},"rotation":{"x":0.27425211668014529,"y":0.014486243017017842,"z":-0.0038989861495792867,"w":0.9616525769233704},"size":0.8660253882408142,"orthographic":false}