{"cameraMode":{"drawMode":0,"name":"Shaded","section":"Shading Mode"},"sceneLighting":true,"audioPlay":false,"sceneViewState":{"m_AlwaysRefresh":false,"showFog":true,"showSkybox":true,"showFlares":true,"showImageEffects":true,"showParticleSystems":true,"showVisualEffectGraphs":true,"m_FxEnabled":true},"in2DMode":false,"pivot":{"x":0.2500554919242859,"y":0.5244264006614685,"z":10.665331840515137},"rotation":{"x":-0.21218766272068025,"y":0.5085294842720032,"z":-0.1316099762916565,"w":-0.8242752552032471},"size":0.9438445568084717,"orthographic":false}